{"name":"build-javascript","namedChunkGroups":{"polyfill":{"name":"polyfill","assets":[{"name":"webpack-runtime-10d7938d0aa8d5dac8c5.js","size":4382},{"name":"polyfill-fa54d2ad39d119f0fcea.js","size":85848}],"filteredAssets":0,"assetsSize":90230,"filteredAuxiliaryAssets":2,"auxiliaryAssetsSize":225639},"app":{"name":"app","assets":[{"name":"webpack-runtime-10d7938d0aa8d5dac8c5.js","size":4382},{"name":"framework-71c6f9bdd58b1ecd34d6.js","size":128716},{"name":"app-6ee7c6fe55b9888e7a7d.js","size":65790}],"filteredAssets":0,"assetsSize":198888,"filteredAuxiliaryAssets":3,"auxiliaryAssetsSize":594785},"component---src-pages-404-js":{"name":"component---src-pages-404-js","assets":[{"name":"component---src-pages-404-js-061c7dc5eeba5f994656.js","size":814}],"filteredAssets":0,"assetsSize":814,"filteredAuxiliaryAssets":1,"auxiliaryAssetsSize":1886},"component---src-pages-index-js":{"name":"component---src-pages-index-js","assets":[{"name":"styles.23ef122ade460b9b7083.css","size":5588},{"name":"1bfc9850-3a02f91ef6ff10268873.js","size":4271},{"name":"component---src-pages-index-js-e6dfaef73f415eb1cfd2.js","size":14960}],"filteredAssets":0,"assetsSize":24819,"filteredAuxiliaryAssets":2,"auxiliaryAssetsSize":1559091}},"assetsByChunkName":{"polyfill":["webpack-runtime-10d7938d0aa8d5dac8c5.js","polyfill-fa54d2ad39d119f0fcea.js"],"app":["webpack-runtime-10d7938d0aa8d5dac8c5.js","framework-71c6f9bdd58b1ecd34d6.js","app-6ee7c6fe55b9888e7a7d.js"],"component---src-pages-404-js":["component---src-pages-404-js-061c7dc5eeba5f994656.js"],"component---src-pages-index-js":["styles.23ef122ade460b9b7083.css","1bfc9850-3a02f91ef6ff10268873.js","component---src-pages-index-js-e6dfaef73f415eb1cfd2.js"]},"childAssetsByChunkName":{}}